,title,genres
140816,Tangerine (2015),Comedy|Drama
131724,The Jinx: The Life and Deaths of Robert Durst (2015),Documentary
82143,Alone in the Wilderness (2004),Documentary
4741,Together (Tillsammans) (2000),Comedy|Drama|Romance
96857,Red Lights (2012),Drama|Mystery|Thriller
7137,"Cooler, The (2003)",Comedy|Drama|Romance
89085,"Debt, The (2011)",Drama|Thriller
3952,"Contender, The (2000)",Drama|Thriller
183897,Isle of Dogs (2018),Animation|Comedy
156387,Sing Street (2016),Drama
110586,Calvary (2014),Comedy|Drama
92535,Louis C.K.: Live at the Beacon Theater (2011),Comedy
138702,Feast (2014),Animation|Children|Comedy|Drama|Romance
141866,Green Room (2015),(no genres listed)
128606,45 Years (2015),Drama
5294,Frailty (2001),Crime|Drama|Thriller
104069,Louis C.K.: Oh My God (2013),Comedy
128620,Victoria (2015),Crime|Drama|Romance
95377,One Man Band (2005),Animation|Comedy|Musical
86504,Voices from the List (2004),Documentary
86142,13 Assassins (Jûsan-nin no shikaku) (2010),Action
155078,Lo chiamavano Jeeg Robot (2016),Fantasy
90528,This Must Be the Place (2011),Crime|Drama|Thriller
71131,"Most Hated Family in America, The (2007)",Documentary
114635,"Look of Silence, The (2014)",Documentary
96488,Searching for Sugar Man (2012),Documentary
6596,"Divorce, Le (2003)",Comedy|Drama|Romance
90578,Dream House (2011),Drama|Mystery|Thriller
49314,Harsh Times (2006),Action|Crime|Drama
59709,"Oxford Murders, The (2007)",Crime|Mystery|Romance|Thriller
95311,Presto (2008),Animation|Children|Comedy|Fantasy
57504,"Girl Who Leapt Through Time, The (Toki o kakeru shôjo) (2006)",Animation|Comedy|Drama|Romance|Sci-Fi
58303,"Counterfeiters, The (Die Fälscher) (2007)",Crime|Drama|War
58898,"Aerial, The (La antena) (2007)",Adventure|Fantasy|Film-Noir|Mystery|Sci-Fi
159817,Planet Earth (2006),Documentary
70728,Bronson (2009),Action|Comedy|Drama|Thriller
95858,For the Birds (2000),Animation|Children|Comedy
173369,You Were Never Really Here (2017),Drama
166024,Whiplash (2013),(no genres listed)
179135,Blue Planet II (2017),Documentary
158966,Captain Fantastic (2016),Drama
173925,Seven Sisters (2017),Sci-Fi|Thriller
159061,The Wailing (2016),Mystery|Thriller
102753,"Past, The (Le passé) (2013)",Drama|Mystery|Romance
27721,"Very Long Engagement, A (Un long dimanche de fiançailles) (2004)",Drama|Mystery|Romance|War
44709,Akeelah and the Bee (2006),Drama
110501,The Raid 2: Berandal (2014),Action|Crime|Thriller
86347,Louis C.K.: Chewed Up (2008),Comedy
71579,"Education, An (2009)",Drama|Romance
58301,Funny Games U.S. (2007),Drama|Thriller
7371,Dogville (2003),Drama|Mystery|Thriller
177765,Coco (2017),Adventure|Animation|Children
83803,Day & Night (2010),Animation|Children
130452,While We're Young (2014),Comedy|Drama
111235,Jodorowsky's Dune (2013),Documentary|Sci-Fi
86377,Louis C.K.: Shameless (2007),Comedy
163134,Your Name. (2016),Animation|Drama|Fantasy|Romance
117867,'71 (2014),Action|Drama|Thriller|War
86345,Louis C.K.: Hilarious (2010),Comedy
127108,Brooklyn (2015),Drama|Romance
74916,Greenberg (2010),Comedy|Drama
71211,"Informant!, The (2009)",Comedy|Crime|Drama|Thriller
5890,Elling (2001),Comedy|Drama
4251,Chopper (2000),Drama|Thriller
55872,August Rush (2007),Drama|Musical
58347,Penelope (2006),Comedy|Fantasy|Romance
30803,3-Iron (Bin-jip) (2004),Drama|Romance
136449,Ghost in the Shell 2.0 (2008),Action|Animation|Sci-Fi
90430,Carnage (2011),Comedy|Drama
55814,"Diving Bell and the Butterfly, The (Scaphandre et le papillon, Le) (2007)",Drama
6283,Cowboy Bebop: The Movie (Cowboy Bebop: Tengoku no Tobira) (2001),Action|Animation|Sci-Fi|Thriller
5618,Spirited Away (Sen to Chihiro no kamikakushi) (2001),Adventure|Animation|Fantasy
140174,Room (2015),Drama
104944,Short Term 12 (2013),Drama
5380,"Importance of Being Earnest, The (2002)",Comedy|Drama|Romance
52952,This Is England (2006),Drama
8914,Primer (2004),Drama|Sci-Fi
4226,Memento (2000),Mystery|Thriller
49772,"Painted Veil, The (2006)",Drama|Romance
67801,Revanche (2008),Crime|Drama|Romance
81641,Fair Game (2010),Drama|Thriller
27266,2046 (2004),Drama|Fantasy|Romance|Sci-Fi
56286,I'm Not There (2007),Drama
109243,Joe (2013),Drama
112940,A Most Wanted Man (2014),Thriller
6773,"Triplets of Belleville, The (Les triplettes de Belleville) (2003)",Animation|Comedy|Fantasy
5673,Punch-Drunk Love (2002),Comedy|Drama|Romance
3598,Hamlet (2000),Crime|Drama|Romance|Thriller
52042,Black Book (Zwartboek) (2006),Drama|Thriller|War
47894,"Wind That Shakes the Barley, The (2006)",Drama|War
4152,Vatel (2000),Drama
142488,Spotlight (2015),Thriller
143367,Silence (2016),Drama|Thriller
96829,"Hunt, The (Jagten) (2012)",Drama
105197,Nebraska (2013),Adventure|Drama
27397,Joint Security Area (Gongdong gyeongbi guyeok JSA) (2000),Crime|Drama|Mystery|Thriller|War
177593,"Three Billboards Outside Ebbing, Missouri (2017)",Crime|Drama
97866,"Imposter, The (2012)",Documentary
95313,Jack-Jack Attack (2005),Adventure|Animation|Children|Comedy
133802,Slow West (2015),Action|Thriller|Western
74545,"Ghost Writer, The (2010)",Drama|Mystery|Thriller
106766,Inside Llewyn Davis (2013),Drama
3896,"Way of the Gun, The (2000)",Crime|Thriller
77837,You Don't Know Jack (2010),Drama
108983,La Luna (2011),Animation
116897,Wild Tales (2014),Comedy|Drama|Thriller
7361,Eternal Sunshine of the Spotless Mind (2004),Drama|Romance|Sci-Fi
924,2001: A Space Odyssey (1968),Adventure|Drama|Sci-Fi
7773,"Bang, Bang, You're Dead (2002)",Drama
33725,It's All Gone Pete Tong (2004),Comedy|Drama|Musical
27416,Jalla! Jalla! (2000),Comedy|Drama|Romance
4380,"Princess and the Warrior, The (Krieger und die Kaiserin, Der) (2000)",Drama|Romance
7827,Cypher (2002),Action|Sci-Fi|Thriller
7155,Calendar Girls (2003),Comedy
79008,South Park: Imaginationland (2008),Animation|Comedy|Fantasy
103235,"Best Offer, The (Migliore offerta, La) (2013)",Thriller
4866,"Last Castle, The (2001)",Action
44555,"Lives of Others, The (Das leben der Anderen) (2006)",Drama|Romance|Thriller
99917,Upstream Color (2013),Romance|Sci-Fi|Thriller
152970,Hunt for the Wilderpeople (2016),Adventure|Comedy
4011,Snatch (2000),Comedy|Crime|Thriller
165549,Manchester by the Sea (2016),Drama
64575,Doubt (2008),Drama|Mystery
139644,Sicario (2015),Crime|Drama|Mystery
174909,Logan Lucky (2017),Comedy
80969,Never Let Me Go (2010),Drama|Romance|Sci-Fi
110110,Starred Up (2013),Drama
93721,Jiro Dreams of Sushi (2011),Documentary
4642,Hedwig and the Angry Inch (2000),Comedy|Drama|Musical
41285,Match Point (2005),Crime|Drama|Romance
72171,Black Dynamite (2009),Action|Comedy
64197,Hunger (2008),Drama
55442,Persepolis (2007),Animation|Drama
6003,Confessions of a Dangerous Mind (2002),Comedy|Crime|Drama|Thriller
134853,Inside Out (2015),Adventure|Animation|Children|Comedy|Drama|Fantasy
31658,Howl's Moving Castle (Hauru no ugoku shiro) (2004),Adventure|Animation|Fantasy|Romance
87304,Beginners (2010),Drama
37857,MirrorMask (2005),Adventure|Children|Drama|Fantasy
31660,Steamboy (Suchîmubôi) (2004),Action|Animation|Drama|Sci-Fi
74458,Shutter Island (2010),Drama|Mystery|Thriller
54259,Stardust (2007),Adventure|Comedy|Fantasy|Romance
148626,"Big Short, The (2015)",Drama
6874,Kill Bill: Vol. 1 (2003),Action|Crime|Thriller
163985,ARQ (2016),Sci-Fi|Thriller
68237,Moon (2009),Drama|Mystery|Sci-Fi|Thriller
117881,Still Alice (2014),Drama
34542,Grizzly Man (2005),Documentary
64993,5 Centimeters per Second (Byôsoku 5 senchimêtoru) (2007),Animation|Drama|Romance
67997,In the Loop (2009),Comedy
72356,Partly Cloudy (2009),Animation|Children|Comedy|Fantasy
60766,Man on Wire (2008),Documentary
44761,Brick (2005),Crime|Drama|Film-Noir|Mystery
171763,Baby Driver (2017),Action|Crime|Thriller
85312,"House of Small Cubes, The (Tsumiki no ie) (2008)",Animation|Drama
67508,"Baader Meinhof Komplex, Der (2008)",Action|Crime|Drama|Thriller
65142,Loft (2008),Crime|Drama|Mystery
4973,"Amelie (Fabuleux destin d'Amélie Poulain, Le) (2001)",Comedy|Romance
99114,Django Unchained (2012),Action|Drama|Western
68157,Inglourious Basterds (2009),Action|Drama|War
52579,"Vie en Rose, La (Môme, La) (2007)",Drama|Musical
161582,Hell or High Water (2016),Crime|Drama
106452,Ida (2013),Drama
172009,Loveless (2017),Drama
55820,No Country for Old Men (2007),Crime|Drama
53129,Mr. Brooks (2007),Crime|Drama|Thriller
67267,Sunshine Cleaning (2008),Comedy|Drama
66198,"International, The (2009)",Drama|Thriller
92259,Intouchables (2011),Comedy|Drama
48043,"Fountain, The (2006)",Drama|Fantasy|Romance
85213,"Sunset Limited, The (2011)",Drama
94959,Moonrise Kingdom (2012),Comedy|Drama|Romance
93457,"Hidden Face, The (La cara oculta) (2011)",Thriller
48780,"Prestige, The (2006)",Drama|Mystery|Sci-Fi|Thriller
93838,The Raid: Redemption (2011),Action|Crime
111384,Blue Ruin (2013),Thriller
57669,In Bruges (2008),Comedy|Crime|Drama|Thriller
53956,Death at a Funeral (2007),Comedy
5668,White Oleander (2002),Drama
168248,John Wick: Chapter Two (2017),Action|Crime|Thriller
152081,Zootopia (2016),Action|Adventure|Animation|Children|Comedy
5577,Igby Goes Down (2002),Comedy|Drama
45928,Who Killed the Electric Car? (2006),Documentary
4978,Lantana (2001),Drama|Mystery|Thriller
40946,Sarah Silverman: Jesus Is Magic (2005),Comedy|Musical
4903,In the Bedroom (2001),Drama
84844,Brother 2 (Brat 2) (2000),Crime|Drama
51080,Breach (2007),Drama|Thriller
114494,Who Am I (Kein System Ist Sicher) (2014),Thriller
106100,Dallas Buyers Club (2013),Drama
101962,Wolf Children (Okami kodomo no ame to yuki) (2012),Animation|Fantasy
87079,Trust (2010),Drama|Thriller
57401,Cleaner (2007),Crime|Thriller
6706,Taking Sides (2001),Drama
69995,Tokyo Sonata (2008),Drama
100745,TPB AFK: The Pirate Bay Away from Keyboard (2013),Documentary
48516,"Departed, The (2006)",Crime|Drama|Thriller
40870,C.R.A.Z.Y. (2005),Drama
104272,Blackfish (2013),Documentary
39292,"Good Night, and Good Luck. (2005)",Crime|Drama
27728,Ghost in the Shell 2: Innocence (a.k.a. Innocence) (Inosensu) (2004),Action|Animation|Drama|Sci-Fi|Thriller
47629,The Queen (2006),Drama
41571,Memoirs of a Geisha (2005),Drama|Romance
27808,Spanglish (2004),Comedy|Drama|Romance
97923,Flight (2012),Drama
152077,10 Cloverfield Lane (2016),Thriller
73808,"Chaser, The (Chugyeogja) (2008)",Crime|Drama|Thriller
77800,Four Lions (2010),Comedy|Drama
122906,Black Panther (2017),Action|Adventure|Sci-Fi
100556,"Act of Killing, The (2012)",Documentary
8873,"Motorcycle Diaries, The (Diarios de motocicleta) (2004)",Adventure|Drama
109374,"Grand Budapest Hotel, The (2014)",Comedy|Drama
55118,Eastern Promises (2007),Crime|Drama|Thriller
6215,Laurel Canyon (2002),Drama
113188,"Rover, The (2014)",Crime|Drama
148881,World of Tomorrow (2015),Animation|Comedy
56805,Walk Hard: The Dewey Cox Story (2007),Comedy|Musical
164179,Arrival (2016),Sci-Fi
43708,Block Party (a.k.a. Dave Chappelle's Block Party) (2005),Comedy|Documentary
59018,"Visitor, The (2007)",Drama|Romance
101525,"Place Beyond the Pines, The (2012)",Crime|Drama
27773,Old Boy (2003),Mystery|Thriller
81845,"King's Speech, The (2010)",Drama
98491,Paperman (2012),Animation|Comedy|Romance
105844,12 Years a Slave (2013),Drama
3967,Billy Elliot (2000),Drama
162082,Train to Busan (2016),Action|Thriller
79132,Inception (2010),Action|Crime|Drama|Mystery|Sci-Fi|Thriller|IMAX
68073,Pirate Radio (2009),Comedy|Drama
4848,Mulholland Drive (2001),Crime|Drama|Film-Noir|Mystery|Thriller
4873,Waking Life (2001),Animation|Drama|Fantasy
6016,City of God (Cidade de Deus) (2002),Action|Adventure|Crime|Drama|Thriller
6187,"Life of David Gale, The (2003)",Crime|Drama|Thriller
6711,Lost in Translation (2003),Comedy|Drama|Romance
31364,Memories of Murder (Salinui chueok) (2003),Crime|Drama|Mystery|Thriller
59995,Boy A (2007),Crime|Drama
50011,"Bothersome Man, The (Brysomme mannen, Den) (2006)",Comedy|Drama|Fantasy|Mystery
5329,"Salton Sea, The (2002)",Crime|Drama|Thriller
4979,"Royal Tenenbaums, The (2001)",Comedy|Drama
65514,Ip Man (2008),Action|Drama|War
55276,Michael Clayton (2007),Drama|Thriller
48560,Running With Scissors (2006),Comedy|Drama
5989,Catch Me If You Can (2002),Crime|Drama
72386,Broken Embraces (Los abrazos rotos) (2009),Drama|Romance|Thriller
100714,Before Midnight (2013),Drama|Romance
27311,Batman Beyond: Return of the Joker (2000),Action|Animation|Crime|Sci-Fi|Thriller
66934,Dr. Horrible's Sing-Along Blog (2008),Comedy|Drama|Musical|Sci-Fi
37830,Final Fantasy VII: Advent Children (2004),Action|Adventure|Animation|Fantasy|Sci-Fi
34437,Broken Flowers (2005),Comedy|Drama
90439,Margin Call (2011),Drama|Thriller
55167,Tekkonkinkreet (Tekkon kinkurîto) (2006),Action|Adventure|Animation|Crime|Fantasy
7981,Infernal Affairs (Mou gaan dou) (2002),Crime|Drama|Thriller
134130,The Martian (2015),Adventure|Drama|Sci-Fi
61729,Ghost Town (2008),Comedy|Fantasy|Romance
8014,"Spring, Summer, Fall, Winter... and Spring (Bom yeoreum gaeul gyeoul geurigo bom) (2003)",Drama
27592,Sympathy for Mr. Vengeance (Boksuneun naui geot) (2002),Crime|Drama
34153,Murderball (2005),Documentary
118898,A Most Violent Year (2014),Action|Crime|Drama|Thriller
48394,"Pan's Labyrinth (Laberinto del fauno, El) (2006)",Drama|Fantasy|Thriller
60069,WALL·E (2008),Adventure|Animation|Children|Romance|Sci-Fi
74553,"Secret of Kells, The (2009)",Animation|Fantasy
89759,"Separation, A (Jodaeiye Nader az Simin) (2011)",Drama
3298,Boiler Room (2000),Crime|Drama|Thriller
115569,Nightcrawler (2014),Crime|Drama|Thriller
116799,Inherent Vice (2014),Comedy|Crime|Drama|Mystery|Romance
5613,8 Women (2002),Comedy|Crime|Musical|Mystery
44937,"Child, The (L'enfant) (2005)",Crime|Drama
4144,In the Mood For Love (Fa yeung nin wa) (2000),Drama|Romance
62956,Futurama: Bender's Game (2008),Action|Adventure|Animation|Comedy|Fantasy|Sci-Fi
50068,Letters from Iwo Jima (2006),Drama|War
56251,Futurama: Bender's Big Score (2007),Animation|Comedy|Sci-Fi
7367,"Ladykillers, The (2004)",Comedy|Crime
130576,Midnight Special (2015),Drama|Sci-Fi
31878,Kung Fu Hustle (Gong fu) (2004),Action|Comedy
94969,Kahaani (2012),Crime|Drama|Thriller
7090,Hero (Ying xiong) (2002),Action|Adventure|Drama
164909,La La Land (2016),Comedy|Drama|Romance
117533,Citizenfour (2014),Documentary
64839,"Wrestler, The (2008)",Drama
176371,Blade Runner 2049 (2017),Sci-Fi
53161,"I'm a Cyborg, But That's OK (Saibogujiman kwenchana) (2006)",Comedy|Drama|Romance|Sci-Fi
128360,The Hateful Eight (2015),Western
7347,Secret Window (2004),Mystery|Thriller
69481,"Hurt Locker, The (2008)",Action|Drama|Thriller|War
4995,"Beautiful Mind, A (2001)",Drama|Romance
97024,Rust and Bone (De rouille et d'os) (2012),Drama|Romance
4235,Amores Perros (Love's a Bitch) (2000),Drama|Thriller
127098,Louis C.K.: Live at The Comedy Store (2015),Comedy
81932,"Fighter, The (2010)",Drama
5791,Frida (2002),Drama|Romance
46967,Scoop (2006),Comedy|Fantasy|Mystery
90057,Take Shelter (2011),Drama
44929,Candy (2006),Drama|Romance
85342,Elite Squad: The Enemy Within (Tropa de Elite 2 - O Inimigo Agora É Outro) (2010),Action|Crime|Drama
4878,Donnie Darko (2001),Drama|Mystery|Sci-Fi|Thriller
52885,Paprika (Papurika) (2006),Animation|Mystery|Sci-Fi
88129,Drive (2011),Crime|Drama|Film-Noir|Thriller
5995,"Pianist, The (2002)",Drama|War
55721,Elite Squad (Tropa de Elite) (2007),Action|Crime|Drama|Thriller
112552,Whiplash (2014),Drama
54999,Shoot 'Em Up (2007),Action|Comedy|Crime
102194,Mud (2012),Adventure|Crime|Drama
3618,Small Time Crooks (2000),Comedy|Crime
44199,Inside Man (2006),Crime|Drama|Thriller
78499,Toy Story 3 (2010),Adventure|Animation|Children|Comedy|Fantasy|IMAX
4306,Shrek (2001),Adventure|Animation|Children|Comedy|Fantasy|Romance
27801,Ong-Bak: The Thai Warrior (Ong Bak) (2003),Action|Thriller
31410,"Downfall (Untergang, Der) (2004)",Drama|War
7438,Kill Bill: Vol. 2 (2004),Action|Drama|Thriller
62511,"Synecdoche, New York (2008)",Comedy|Drama
68954,Up (2009),Adventure|Animation|Children|Drama
32587,Sin City (2005),Action|Crime|Film-Noir|Mystery|Thriller
60161,Futurama: The Beast with a Billion Backs (2008),Action|Animation|Comedy|Romance|Sci-Fi
109487,Interstellar (2014),Sci-Fi|IMAX
62336,FLCL (2000),Animation|Comedy|Fantasy|Sci-Fi
8370,"Blind Swordsman: Zatoichi, The (Zatôichi) (2003)",Action|Comedy|Crime|Drama
27873,Metallica: Some Kind of Monster (2004),Documentary
58559,"Dark Knight, The (2008)",Action|Crime|Drama|IMAX
111759,Edge of Tomorrow (2014),Action|Sci-Fi|IMAX
91622,Young Adult (2011),Comedy|Drama
8910,I Heart Huckabees (2004),Comedy
140110,The Intern (2015),Comedy
96606,Samsara (2011),Documentary
3949,Requiem for a Dream (2000),Drama
4641,Ghost World (2001),Comedy|Drama
72226,Fantastic Mr. Fox (2009),Adventure|Animation|Children|Comedy|Crime
8607,Tokyo Godfathers (2003),Adventure|Animation|Drama
4027,"O Brother, Where Art Thou? (2000)",Adventure|Comedy|Crime
166643,Hidden Figures (2016),Drama
83132,"Secret World of Arrietty, The (Kari-gurashi no Arietti) (2010)",Animation|Children|Fantasy
85881,Win Win (2011),Comedy|Drama
99764,It's Such a Beautiful Day (2012),Animation|Comedy|Drama|Fantasy|Sci-Fi
65188,Dear Zachary: A Letter to a Son About His Father (2008),Documentary
77201,Valhalla Rising (2009),Action|Drama|War
5878,Talk to Her (Hable con Ella) (2002),Drama|Romance
4881,"Man Who Wasn't There, The (2001)",Crime|Drama
60950,Vicky Cristina Barcelona (2008),Comedy|Drama|Romance
56782,There Will Be Blood (2007),Drama|Western
34338,"Aristocrats, The (2005)",Comedy|Documentary
4164,"Caveman's Valentine, The (2001)",Drama
90600,Headhunters (Hodejegerne) (2011),Action|Crime|Thriller
116136,Olive Kitteridge (2014),Drama
49396,Tenacious D in The Pick of Destiny (2006),Adventure|Comedy|Musical
102800,Frances Ha (2012),Comedy|Drama
117444,Song of the Sea (2014),Animation|Children|Fantasy
63033,Blindness (2008),Drama|Mystery|Romance|Thriller
55363,"Assassination of Jesse James by the Coward Robert Ford, The (2007)",Crime|Drama|Western
27803,"Sea Inside, The (Mar adentro) (2004)",Drama
86320,Melancholia (2011),Drama|Sci-Fi
38061,Kiss Kiss Bang Bang (2005),Comedy|Crime|Mystery|Thriller
72395,Precious (2009),Drama
64285,Wallace and Gromit in 'A Matter of Loaf and Death' (2008),Animation|Comedy
95558,Beasts of the Southern Wild (2012),Drama|Fantasy
27904,"Scanner Darkly, A (2006)",Animation|Drama|Mystery|Sci-Fi|Thriller
47634,36 Quai des Orfèvres (Department 36) (2004),Action|Crime|Drama|Thriller
40629,Pride & Prejudice (2005),Drama|Romance
86882,Midnight in Paris (2011),Comedy|Fantasy|Romance
51255,Hot Fuzz (2007),Action|Comedy|Crime|Mystery
110882,Locke (2013),Drama
27846,"Corporation, The (2003)",Documentary
44191,V for Vendetta (2006),Action|Sci-Fi|Thriller|IMAX
51540,Zodiac (2007),Crime|Drama|Thriller
168266,T2: Trainspotting (2017),Crime|Drama
60684,Watchmen (2009),Action|Drama|Mystery|Sci-Fi|Thriller|IMAX
61323,Burn After Reading (2008),Comedy|Crime|Drama
90374,Martha Marcy May Marlene (2011),Drama|Thriller
55805,Before the Devil Knows You're Dead (2007),Crime|Drama|Thriller
5418,"Bourne Identity, The (2002)",Action|Mystery|Thriller
78039,Blue Valentine (2010),Drama|Romance
73344,"Prophet, A (Un Prophète) (2009)",Crime|Drama
146656,Creed (2015),Drama
38038,Wallace & Gromit in The Curse of the Were-Rabbit (2005),Adventure|Animation|Children|Comedy
4886,"Monsters, Inc. (2001)",Adventure|Animation|Children|Comedy|Fantasy
44974,Hard Candy (2005),Drama|Thriller
103883,2 Guns (2013),Action|Comedy|Crime
77455,Exit Through the Gift Shop (2010),Comedy|Documentary
116797,The Imitation Game (2014),Drama|Thriller|War
158238,The Nice Guys (2016),Crime|Mystery|Thriller
71464,"Serious Man, A (2009)",Comedy|Drama
112290,Boyhood (2014),Drama
96737,Dredd (2012),Action|Sci-Fi
67255,"Girl with the Dragon Tattoo, The (Män som hatar kvinnor) (2009)",Crime|Drama|Mystery|Thriller
57464,He Was a Quiet Man (2007),Drama
70286,District 9 (2009),Mystery|Sci-Fi|Thriller
56788,Charlie Wilson's War (2007),Comedy|Drama|War
81562,127 Hours (2010),Adventure|Drama|Thriller
7147,Big Fish (2003),Drama|Fantasy|Romance
30812,"Aviator, The (2004)",Drama
91658,"Girl with the Dragon Tattoo, The (2011)",Drama|Thriller
4019,Finding Forrester (2000),Drama
7323,"Good bye, Lenin! (2003)",Comedy|Drama
122882,Mad Max: Fury Road (2015),Action|Adventure|Sci-Fi|Thriller
55280,Lars and the Real Girl (2007),Comedy|Drama
8917,Team America: World Police (2004),Action|Adventure|Animation|Comedy
143385,Bridge of Spies (2015),Drama|Thriller
42422,Voices of a Distant Star (Hoshi no koe) (2003),Animation|Drama|Romance|Sci-Fi
85736,BURN-E (2008),Adventure|Animation|Children|Sci-Fi
142448,Everest (2015),Adventure|Drama|Thriller
161634,Don't Breathe (2016),Thriller
147410,A Perfect Day (2015),Comedy|Drama
4308,Moulin Rouge (2001),Drama|Musical|Romance
3481,High Fidelity (2000),Comedy|Drama|Romance
33138,Palindromes (2004),Adventure|Comedy|Drama
8645,"Maria Full of Grace (Maria, Llena eres de gracia) (2004)",Crime|Drama
47950,Hollywoodland (2006),Crime|Drama|Mystery|Thriller
81591,Black Swan (2010),Drama|Thriller
8784,Garden State (2004),Comedy|Drama|Romance
106782,"Wolf of Wall Street, The (2013)",Comedy|Crime|Drama
73881,3 Idiots (2009),Comedy|Drama|Romance
8798,Collateral (2004),Action|Crime|Drama|Thriller
69134,Antichrist (2009),Drama|Fantasy
106920,Her (2013),Drama|Romance|Sci-Fi
42632,Lady Vengeance (Sympathy for Lady Vengeance) (Chinjeolhan geumjassi) (2005),Crime|Drama|Mystery|Thriller
115617,Big Hero 6 (2014),Action|Animation|Comedy
40583,Syriana (2005),Drama|Thriller
5064,The Count of Monte Cristo (2002),Action|Adventure|Drama|Thriller
6870,Mystic River (2003),Crime|Drama|Mystery
7285,Thirteen (2003),Drama
7991,Death Race 2000 (1975),Action|Sci-Fi
4888,Tape (2001),Drama
93790,Detachment (2011),Drama
37741,Capote (2005),Crime|Drama
8983,House of Flying Daggers (Shi mian mai fu) (2004),Action|Drama|Romance
108981,Nymphomaniac: Volume II (2013),Drama|Mystery
7460,Coffee and Cigarettes (2003),Comedy|Drama
162578,Kubo and the Two Strings (2016),Adventure|Animation|Children|Fantasy
5608,"Das Experiment (Experiment, The) (2001)",Drama|Thriller
103984,"Great Beauty, The (Grande Bellezza, La) (2013)",Comedy|Drama
64034,"Boy in the Striped Pajamas, The (Boy in the Striped Pyjamas, The) (2008)",Drama|War
3317,Wonder Boys (2000),Comedy|Drama
116161,Foxcatcher (2014),Drama
133771,The Lobster (2015),Comedy|Romance|Sci-Fi
31435,Rory O'Shea Was Here (Inside I'm Dancing) (2004),Drama
141890,Beasts of No Nation (2015),Drama|War
103372,"Heat, The (2013)",Action|Comedy|Crime
8366,Saved! (2004),Comedy|Drama
40412,Dead Man's Shoes (2004),Crime|Thriller
37733,"History of Violence, A (2005)",Action|Crime|Drama|Thriller
4776,Training Day (2001),Crime|Drama|Thriller
3994,Unbreakable (2000),Drama|Sci-Fi
52604,Fracture (2007),Crime|Drama|Mystery|Thriller
103341,"World's End, The (2013)",Action|Comedy|Sci-Fi
51312,"Consequences of Love, The (Conseguenze dell'amore, Le) (2004)",Crime|Drama
49957,"History Boys, The (2006)",Comedy|Drama
3565,Where the Heart Is (2000),Comedy|Drama
27611,Battlestar Galactica (2003),Drama|Sci-Fi|War
104283,"Wind Rises, The (Kaze tachinu) (2013)",Animation|Drama|Romance
152017,Me Before You (2016),Drama|Romance
42728,Tristan & Isolde (2006),Drama|Romance
30810,"Life Aquatic with Steve Zissou, The (2004)",Adventure|Comedy|Fantasy
44195,Thank You for Smoking (2006),Comedy|Drama
99145,"Impossible, The (Imposible, Lo) (2012)",Drama|Thriller
55290,Gone Baby Gone (2007),Crime|Drama|Mystery
46578,Little Miss Sunshine (2006),Adventure|Comedy|Drama
5464,Road to Perdition (2002),Crime|Drama
30749,Hotel Rwanda (2004),Drama|War
112183,Birdman: Or (The Unexpected Virtue of Ignorance) (2014),Comedy|Drama
8981,Closer (2004),Drama|Romance
48774,Children of Men (2006),Action|Adventure|Drama|Sci-Fi|Thriller
56367,Juno (2007),Comedy|Drama|Romance
108727,Nymphomaniac: Volume I (2013),Drama
71899,Mary and Max (2009),Animation|Comedy|Drama
5135,Monsoon Wedding (2001),Comedy|Romance
5945,About Schmidt (2002),Comedy|Drama
143859,"Hail, Caesar! (2016)",Comedy
91077,"Descendants, The (2011)",Comedy|Drama
5991,Chicago (2002),Comedy|Crime|Drama|Musical
115149,John Wick (2014),Action|Thriller
157318,Perfect Strangers (2016),Comedy|Drama
89039,Another Earth (2011),Drama|Romance|Sci-Fi
8950,The Machinist (2004),Drama|Mystery|Thriller
96281,ParaNorman (2012),Adventure|Animation|Comedy
8360,Shrek 2 (2004),Adventure|Animation|Children|Comedy|Musical|Romance
50872,Ratatouille (2007),Animation|Children|Drama
105504,Captain Phillips (2013),Adventure|Drama|Thriller|IMAX
48304,Apocalypto (2006),Adventure|Drama|Thriller
3578,Gladiator (2000),Action|Adventure|Drama
95720,"Watch, The (2012)",Comedy|Sci-Fi
6764,"Rundown, The (2003)",Action|Adventure|Comedy
61236,Waltz with Bashir (Vals im Bashir) (2008),Animation|Documentary|Drama|War
6331,Spellbound (2002),Documentary
4967,No Man's Land (2001),Drama|War
97306,Seven Psychopaths (2012),Comedy|Crime
27731,"Cat Returns, The (Neko no ongaeshi) (2002)",Adventure|Animation|Children|Fantasy
47423,Half Nelson (2006),Drama
6902,Interstate 60 (2002),Adventure|Comedy|Drama|Fantasy|Mystery|Sci-Fi|Thriller
56885,"Great Debaters, The (2007)",Drama
79702,Scott Pilgrim vs. the World (2010),Action|Comedy|Fantasy|Musical|Romance
8966,Kinsey (2004),Drama
5669,Bowling for Columbine (2002),Documentary
7254,The Butterfly Effect (2004),Drama|Sci-Fi|Thriller
6214,Irreversible (Irréversible) (2002),Crime|Drama|Mystery|Thriller
63876,Milk (2008),Drama
33004,"Hitchhiker's Guide to the Galaxy, The (2005)",Adventure|Comedy|Sci-Fi
5445,Minority Report (2002),Action|Crime|Mystery|Sci-Fi|Thriller
54286,"Bourne Ultimatum, The (2007)",Action|Crime|Thriller
101741,Trance (2013),Crime|Thriller
103027,Much Ado About Nothing (2012),Comedy|Drama|Romance
82459,True Grit (2010),Western
8961,"Incredibles, The (2004)",Action|Adventure|Animation|Children|Comedy
99112,Jack Reacher (2012),Action|Crime|Thriller
179133,Loving Vincent (2017),Animation|Crime|Drama
111622,Begin Again (2013),Comedy|Romance
115231,St. Vincent (2014),Comedy
6539,Pirates of the Caribbean: The Curse of the Black Pearl (2003),Action|Adventure|Comedy|Fantasy
107406,Snowpiercer (2013),Action|Drama|Sci-Fi
106918,"Secret Life of Walter Mitty, The (2013)",Adventure|Comedy|Drama
53123,Once (2006),Drama|Musical|Romance
76093,How to Train Your Dragon (2010),Adventure|Animation|Children|Fantasy|IMAX
80906,Inside Job (2010),Documentary
3910,Dancer in the Dark (2000),Drama|Musical
3993,Quills (2000),Drama|Romance
6618,Shaolin Soccer (Siu lam juk kau) (2001),Action|Comedy
96811,End of Watch (2012),Crime|Drama|Thriller
71745,Where the Wild Things Are (2009),Adventure|Children|Drama|Fantasy|IMAX
4146,"Million Dollar Hotel, The (2001)",Drama|Mystery|Romance
5269,"Piano Teacher, The (La pianiste) (2001)",Drama
95309,Seeking a Friend for the End of the World (2012),Comedy|Drama|Romance
41997,Munich (2005),Action|Crime|Drama|Thriller
127152,Going Clear: Scientology and the Prison of Belief (2015),Documentary
71282,"Food, Inc. (2008)",Documentary
72011,Up in the Air (2009),Drama|Romance
4874,K-PAX (2001),Drama|Fantasy|Mystery|Sci-Fi
48997,Perfume: The Story of a Murderer (2006),Crime|Drama|Thriller
36527,Proof (2005),Drama
5992,"Hours, The (2002)",Drama|Romance
78349,Exam (2009),Mystery|Thriller
30816,"Phantom of the Opera, The (2004)",Drama|Musical|Romance
4239,Blow (2001),Crime|Drama
111781,Mission: Impossible - Rogue Nation (2015),Action|Adventure|Thriller
3996,"Crouching Tiger, Hidden Dragon (Wo hu cang long) (2000)",Action|Drama|Romance
66097,Coraline (2009),Animation|Fantasy|Thriller
82527,Barney's Version (2010),Drama
90531,Shame (2011),Drama
8638,Before Sunset (2004),Drama|Romance
158783,The Handmaiden (2016),Drama|Romance|Thriller
88163,"Crazy, Stupid, Love. (2011)",Comedy|Drama|Romance
8958,Ray (2004),Drama
46723,Babel (2006),Drama|Thriller
97938,Life of Pi (2012),Adventure|Drama|IMAX
4378,Sexy Beast (2000),Crime|Drama
88235,"Guard, The (2011)",Comedy|Crime
96821,"Perks of Being a Wallflower, The (2012)",Drama|Romance
40278,Jarhead (2005),Action|Drama|War
4975,Vanilla Sky (2001),Mystery|Romance|Sci-Fi|Thriller
142509,Hardcore Henry (2015),Action|Adventure|Sci-Fi
160980,Sully (2016),Drama
112175,How to Train Your Dragon 2 (2014),Action|Adventure|Animation
37729,Corpse Bride (2005),Animation|Comedy|Fantasy|Musical|Romance
160718,Piper (2016),Animation
136018,Black Mass (2015),Crime|Drama
63082,Slumdog Millionaire (2008),Crime|Drama|Romance
6188,Old School (2003),Comedy
27660,"Animatrix, The (2003)",Action|Animation|Drama|Sci-Fi
45668,"Lake House, The (2006)",Drama|Fantasy|Romance
89904,The Artist (2011),Comedy|Drama|Romance
84392,"Lincoln Lawyer, The (2011)",Crime|Drama|Thriller
55765,American Gangster (2007),Crime|Drama|Thriller
4990,Jimmy Neutron: Boy Genius (2001),Adventure|Animation|Children|Comedy
4992,Kate & Leopold (2001),Comedy|Romance
88810,"Help, The (2011)",Drama
58554,"Class, The (Klass) (2007)",Drama
89898,Generation P (2011),Comedy|Drama|Sci-Fi
176751,American Made (2017),Crime|Thriller
47610,"Illusionist, The (2006)",Drama|Fantasy|Mystery|Romance
3275,"Boondock Saints, The (2000)",Action|Crime|Drama|Thriller
6889,Brother Bear (2003),Adventure|Animation|Children
5010,Black Hawk Down (2001),Action|Drama|War
63072,"Road, The (2009)",Adventure|Drama|Thriller
106696,Frozen (2013),Adventure|Animation|Comedy|Fantasy|Musical|Romance
7352,Wilbur Wants to Kill Himself (2002),Comedy|Drama|Romance
89900,Once Upon a Time in Anatolia (Bir zamanlar Anadolu'da) (2011),Drama
113705,"Two Days, One Night (Deux jours, une nuit) (2014)",Drama
107653,"Lost Thing, The (2010)",Animation|Drama|Fantasy
162598,Deepwater Horizon (2016),Drama
64499,Che: Part One (2008),Drama|War
60408,Welcome to the Sticks (Bienvenue chez les Ch'tis) (2008),Comedy
80185,GasLand (2010),Documentary
48032,"Tiger and the Snow, The (La tigre e la neve) (2005)",Comedy|Drama|Romance|War
49856,"Page Turner, The (Tourneuse de pages, La) (2006)",Drama|Musical|Thriller
36276,Hidden (a.k.a. Cache) (Caché) (2005),Drama|Mystery|Thriller
89356,Chinese Take-Out (Chinese Take-Away) (Un cuento chino) (2011),Comedy
71450,Capitalism: A Love Story (2009),Documentary
90376,We Need to Talk About Kevin (2011),Drama|Thriller
175569,Wind River (2017),Action|Crime|Mystery|Thriller
6377,Finding Nemo (2003),Adventure|Animation|Children|Comedy
127202,Me and Earl and the Dying Girl (2015),Drama
64614,Gran Torino (2008),Crime|Drama
87306,Super 8 (2011),Mystery|Sci-Fi|Thriller|IMAX
7842,Dune (2000),Drama|Fantasy|Sci-Fi
104879,Prisoners (2013),Drama|Mystery|Thriller
79592,"Other Guys, The (2010)",Action|Comedy
100383,Side Effects (2013),Crime|Drama|Mystery|Thriller
41716,"Matador, The (2005)",Comedy|Drama|Thriller
5377,About a Boy (2002),Comedy|Drama|Romance
53894,Sicko (2007),Documentary|Drama
8641,Anchorman: The Legend of Ron Burgundy (2004),Comedy
71033,"Secret in Their Eyes, The (El secreto de sus ojos) (2009)",Crime|Drama|Mystery|Romance|Thriller
143355,Wonder Woman (2017),Action|Adventure|Fantasy
108932,The Lego Movie (2014),Action|Adventure|Animation|Children|Comedy|Fantasy
7263,Miracle (2004),Drama
134170,Kung Fury (2015),Action|Comedy|Fantasy|Sci-Fi
105213,Don Jon (2013),Comedy|Drama|Romance
112556,Gone Girl (2014),Drama|Thriller
39183,Brokeback Mountain (2005),Drama|Romance
104374,About Time (2013),Drama|Fantasy|Romance
163645,Hacksaw Ridge (2016),Drama|War
7149,Something's Gotta Give (2003),Comedy|Drama|Romance
78574,Winter's Bone (2010),Drama|Thriller
113741,Coherence (2013),Drama|Mystery|Sci-Fi|Thriller
47099,"Pursuit of Happyness, The (2006)",Drama
107348,Anchorman 2: The Legend Continues (2013),Comedy
95088,Safety Not Guaranteed (2012),Comedy|Drama
8622,Fahrenheit 9/11 (2004),Documentary
106916,American Hustle (2013),Crime|Drama
44694,Volver (2006),Comedy|Drama
52328,Sunshine (2007),Adventure|Drama|Sci-Fi|Thriller
187595,Solo: A Star Wars Story (2018),Action|Adventure|Children|Sci-Fi
158528,The Shallows (2016),Drama|Thriller
5610,"Banger Sisters, The (2002)",Comedy|Drama
174727,Good Time (2017),Crime|Drama
6291,Lilya 4-Ever (Lilja 4-ever) (2002),Crime|Drama
6873,Intolerable Cruelty (2003),Comedy|Romance
54881,"King of Kong, The (2007)",Documentary
86898,"Tree of Life, The (2011)",Drama
93982,"Raven, The (2012)",Mystery|Thriller
104913,Rush (2013),Action|Drama
80693,It's Kind of a Funny Story (2010),Comedy|Drama
7158,House of Sand and Fog (2003),Drama
55908,"Man from Earth, The (2007)",Drama|Sci-Fi
59387,"Fall, The (2006)",Adventure|Drama|Fantasy
54997,3:10 to Yuma (2007),Action|Crime|Drama|Western
64620,Frost/Nixon (2008),Drama
49272,Casino Royale (2006),Action|Adventure|Thriller
58998,Forgetting Sarah Marshall (2008),Comedy|Romance
4963,Ocean's Eleven (2001),Crime|Thriller
4034,Traffic (2000),Crime|Drama|Thriller
8800,Code 46 (2003),Romance|Sci-Fi
69757,(500) Days of Summer (2009),Comedy|Drama|Romance
6942,Love Actually (2003),Comedy|Drama|Romance
6708,Matchstick Men (2003),Comedy|Crime|Drama
33817,My Summer of Love (2004),Drama|Romance
5387,Enough (2002),Drama|Thriller
6702,Dickie Roberts: Former Child Star (2003),Comedy
30822,In Good Company (2004),Comedy|Drama
27838,Mean Creek (2004),Drama|Thriller
27790,Millions (2004),Children|Comedy|Crime|Drama|Fantasy
5525,Mostly Martha (Bella Martha) (2001),Comedy|Drama|Romance
55286,Things We Lost in the Fire (2007),Drama|Romance
5092,Big Fat Liar (2002),Children|Comedy
168252,Logan (2017),Action|Sci-Fi
6957,Bad Santa (2003),Comedy|Crime
52606,Big Nothing (2006),Comedy|Crime|Thriller
5299,My Big Fat Greek Wedding (2002),Comedy|Romance
8665,"Bourne Supremacy, The (2004)",Action|Crime|Thriller
64622,"Reader, The (2008)",Drama|Romance
66509,Funny People (2009),Comedy|Drama
65261,Ponyo (Gake no ue no Ponyo) (2008),Adventure|Animation|Children|Fantasy
36529,Lord of War (2005),Action|Crime|Drama|Thriller|War
89492,Moneyball (2011),Drama
87192,Attack the Block (2011),Action|Comedy|Sci-Fi
97913,Wreck-It Ralph (2012),Animation|Comedy
40819,Walk the Line (2005),Drama|Musical|Romance
139385,The Revenant (2015),Adventure|Drama
5954,25th Hour (2002),Crime|Drama
86833,Bridesmaids (2011),Comedy
5025,Orange County (2002),Comedy
49651,Rocky Balboa (2006),Action|Drama
103335,Despicable Me 2 (2013),Animation|Children|Comedy|IMAX
33660,Cinderella Man (2005),Drama|Romance
55269,"Darjeeling Limited, The (2007)",Adventure|Comedy|Drama
3408,Erin Brockovich (2000),Drama
117176,The Theory of Everything (2014),Drama|Romance
5505,"Good Girl, The (2002)",Comedy|Drama
72720,"Single Man, A (2009)",Drama
129370,"SpongeBob Movie: Sponge Out of Water, The (2015)",Adventure|Animation|Children|Comedy
5225,And Your Mother Too (Y tu mamá también) (2001),Drama|Romance
5444,Lilo & Stitch (2002),Adventure|Animation|Children|Sci-Fi
5902,Adaptation (2002),Comedy|Drama|Romance
114935,Predestination (2014),Action|Mystery|Sci-Fi|Thriller
80489,"Town, The (2010)",Crime|Drama|Thriller
4770,"Glass House, The (2001)",Thriller
144606,Confessions of a Dangerous Mind (2002),Comedy|Crime|Drama|Romance|Thriller
89753,Tinker Tailor Soldier Spy (2011),Drama|Film-Noir|Thriller
73023,Crazy Heart (2009),Drama|Romance
112852,Guardians of the Galaxy (2014),Action|Adventure|Sci-Fi
122904,Deadpool (2016),Action|Adventure|Comedy|Sci-Fi
6367,Down with Love (2003),Comedy|Romance
89118,"Skin I Live In, The (La piel que habito) (2011)",Drama
145935,"Peanuts Movie, The (2015)",Adventure|Animation|Children|Comedy
90717,Tower Heist (2011),Action|Comedy|Crime
69604,Whatever Works (2009),Comedy|Romance
174055,Dunkirk (2017),Action|Drama|Thriller|War
7156,"Fog of War: Eleven Lessons from the Life of Robert S. McNamara, The (2003)",Documentary|War
90746,"Adventures of Tintin, The (2011)",Action|Animation|Mystery|IMAX
5267,"Rookie, The (2002)",Drama
33880,Me and You and Everyone We Know (2005),Comedy|Drama
96728,"Master, The (2012)",Drama
97225,Hotel Transylvania (2012),Animation|Children|Comedy
55247,Into the Wild (2007),Action|Adventure|Drama
34405,Serenity (2005),Action|Adventure|Sci-Fi
72641,"Blind Side, The  (2009)",Drama
97304,Argo (2012),Drama|Thriller
5379,"Believer, The (2001)",Drama
98956,Barfi! (2012),Comedy|Drama|Romance
115713,Ex Machina (2015),Drama|Sci-Fi|Thriller
180031,The Shape of Water (2017),Adventure|Drama|Fantasy
63131,Role Models (2008),Comedy
3751,Chicken Run (2000),Animation|Children|Comedy
102407,"Great Gatsby, The (2013)",Drama
49530,Blood Diamond (2006),Action|Adventure|Crime|Drama|Thriller|War
7151,Girl with a Pearl Earring (2003),Drama|Romance
74510,"Girl Who Played with Fire, The (Flickan som lekte med elden) (2009)",Action|Crime|Drama|Mystery|Thriller
168492,Call Me by Your Name (2017),Drama|Romance
73290,Hachiko: A Dog's Story (a.k.a. Hachi: A Dog's Tale) (2009),Drama
5283,National Lampoon's Van Wilder (2002),Comedy
48385,Borat: Cultural Learnings of America for Make Benefit Glorious Nation of Kazakhstan (2006),Comedy
85414,Source Code (2011),Action|Drama|Mystery|Sci-Fi|Thriller
64957,"Curious Case of Benjamin Button, The (2008)",Drama|Fantasy|Mystery|Romance
60753,Felon (2008),Crime|Drama
93510,21 Jump Street (2012),Action|Comedy|Crime
3510,Frequency (2000),Drama|Thriller
150548,Sherlock: The Abominable Bride (2016),Action|Crime|Drama|Mystery|Thriller
46976,Stranger than Fiction (2006),Comedy|Drama|Fantasy|Romance
56274,Margot at the Wedding (2007),Drama
119145,Kingsman: The Secret Service (2015),Action|Adventure|Comedy|Crime
5074,Storytelling (2001),Comedy|Drama
8529,"Terminal, The (2004)",Comedy|Drama|Romance
69951,"Imaginarium of Doctor Parnassus, The (2009)",Drama|Fantasy
8781,"Manchurian Candidate, The (2004)",Thriller
34534,Four Brothers (2005),Action|Crime|Drama
4033,Thirteen Days (2000),Drama|Thriller|War
86190,Hanna (2011),Action|Adventure|Mystery|Thriller
93805,Iron Sky (2012),Action|Comedy|Sci-Fi
108729,Enemy (2013),Mystery|Thriller
8376,Napoleon Dynamite (2004),Comedy
27821,"Interpreter, The (2005)",Drama|Thriller
98056,Amour (2012),Drama|Romance
56370,"Goodbye Bafana (Color of Freedom, The) (2007)",Drama|War
3159,Fantasia 2000 (1999),Animation|Children|Musical|IMAX
80463,"Social Network, The (2010)",Drama
7445,Man on Fire (2004),Action|Crime|Drama|Mystery|Thriller
44665,Lucky Number Slevin (2006),Crime|Drama|Mystery
4844,Bandits (2001),Comedy|Crime|Romance
6947,Master and Commander: The Far Side of the World (2003),Adventure|Drama|War
3916,Remember the Titans (2000),Drama
54503,Superbad (2007),Comedy
103306,Europa Report (2013),Sci-Fi|Thriller
98961,Zero Dark Thirty (2012),Action|Drama|Thriller
93855,God Bless America (2011),Comedy|Drama
81847,Tangled (2010),Animation|Children|Comedy|Fantasy|Musical|Romance|IMAX
59369,Taken (2008),Action|Crime|Drama|Thriller
3596,Screwed (2000),Comedy
27410,Conspiracy (2001),Drama|War
33669,"Sisterhood of the Traveling Pants, The (2005)",Adventure|Comedy|Drama
4014,Chocolat (2000),Drama|Romance
3513,Rules of Engagement (2000),Drama|Thriller
76091,Mother (Madeo) (2009),Crime|Drama|Mystery|Thriller
103141,Monsters University (2013),Adventure|Animation|Comedy
30707,Million Dollar Baby (2004),Drama
68159,State of Play (2009),Crime|Drama|Thriller
4366,Atlantis: The Lost Empire (2001),Adventure|Animation|Children|Fantasy
4092,Cherry 2000 (1987),Romance|Sci-Fi
5319,Nine Queens (Nueve reinas) (2000),Crime|Thriller
48082,"Science of Sleep, The (La science des rêves) (2006)",Comedy|Drama|Fantasy|Romance
166635,Passengers (2016),Adventure|Drama|Romance|Sci-Fi
7317,EuroTrip (2004),Adventure|Comedy
32017,"Pacifier, The (2005)",Action|Comedy
78836,Enter the Void (2009),Drama
5617,Secretary (2002),Comedy|Drama|Romance
5293,Changing Lanes (2002),Drama|Thriller
81257,In a Better World (Hævnen) (2010),Drama
6620,American Splendor (2003),Comedy|Drama
8970,Finding Neverland (2004),Drama
4056,"Pledge, The (2001)",Crime|Drama|Mystery|Thriller
137857,The Jungle Book (2016),Adventure|Drama|Fantasy
66297,Futurama: Into the Wild Green Yonder (2009),Action|Animation|Comedy|Sci-Fi
7139,In America (2002),Drama|Romance
134368,Spy (2015),Action|Comedy|Crime
138036,The Man from U.N.C.L.E. (2015),Action|Adventure|Comedy
48783,Flags of Our Fathers (2006),Drama|War
59126,Religulous (2008),Comedy|Documentary
159193,Café Society (2016),Comedy|Drama|Romance
5680,Auto Focus (2002),Crime|Drama
4022,Cast Away (2000),Drama
48738,"Last King of Scotland, The (2006)",Drama|Thriller
34528,Junebug (2005),Comedy|Drama
58299,Horton Hears a Who! (2008),Adventure|Animation|Children|Comedy
7160,Monster (2003),Crime|Drama
37384,Waiting... (2005),Comedy
5013,Gosford Park (2001),Comedy|Drama|Mystery
94070,"Best Exotic Marigold Hotel, The (2011)",Comedy|Drama
68358,Star Trek (2009),Action|Adventure|Sci-Fi|IMAX
3483,"Road to El Dorado, The (2000)",Animation|Children
76251,Kick-Ass (2010),Action|Comedy
74416,Fish Tank (2009),Drama
6953,21 Grams (2003),Crime|Drama|Mystery|Romance|Thriller
91529,"Dark Knight Rises, The (2012)",Action|Adventure|Crime|IMAX
96610,Looper (2012),Action|Crime|Sci-Fi
5110,Super Troopers (2001),Comedy|Crime|Mystery
4225,"Dish, The (2001)",Comedy
89804,"Ides of March, The (2011)",Drama
56152,Enchanted (2007),Adventure|Animation|Children|Comedy|Fantasy|Musical|Romance
33672,Lords of Dogtown (2005),Action|Comedy|Drama
48001,"Bow, The (Hwal) (2005)",Drama|Romance
7167,Japanese Story (2003),Drama
5477,Sex and Lucia (Lucía y el sexo) (2001),Drama|Romance
4898,Novocaine (2001),Comedy|Crime|Mystery|Thriller
5686,Russian Ark (Russkiy Kovcheg) (2002),Drama|Fantasy|War
6591,"Magdalene Sisters, The (2002)",Drama
117466,In the Heart of the Sea (2015),Action|Adventure|Drama
4345,"Anniversary Party, The (2001)",Drama
72294,"Christmas Carol, A (2009)",Animation|Children|Drama|Fantasy|IMAX
177651,The Florida Project (2017),Drama
161966,Elle (2016),Thriller
3534,28 Days (2000),Drama
4448,"Score, The (2001)",Action|Drama
3911,Best in Show (2000),Comedy
80917,Monsters (2010),Drama|Sci-Fi
135143,Fantastic Beasts and Where to Find Them (2016),Fantasy
177763,Murder on the Orient Express (2017),Crime|Drama|Mystery
27788,"Jacket, The (2005)",Drama|Mystery|Sci-Fi|Thriller
90866,Hugo (2011),Children|Drama|Mystery
47999,Jesus Camp (2006),Documentary|Drama
5066,"Walk to Remember, A (2002)",Drama|Romance
27706,Lemony Snicket's A Series of Unfortunate Events (2004),Adventure|Children|Comedy|Fantasy
4880,Life as a House (2001),Drama
62849,RocknRolla (2008),Action|Crime
3969,Pay It Forward (2000),Drama
34072,"March of the Penguins (Marche de l'empereur, La) (2005)",Documentary
51698,"Last Mimzy, The (2007)",Adventure|Children|Sci-Fi
4734,Jay and Silent Bob Strike Back (2001),Adventure|Comedy
4305,Angel Eyes (2001),Romance|Thriller
4815,Hearts in Atlantis (2001),Drama
63859,Bolt (2008),Action|Adventure|Animation|Children|Comedy
120466,Chappie (2015),Action|Thriller
4016,"Emperor's New Groove, The (2000)",Adventure|Animation|Children|Comedy|Fantasy
54796,2 Days in Paris (2007),Comedy|Drama|Romance
49286,"Holiday, The (2006)",Comedy|Romance
173941,Atomic Blonde (2017),Thriller
180297,The Disaster Artist (2017),Comedy|Drama
80219,Machete (2010),Action|Adventure|Comedy|Crime|Thriller
71057,9 (2009),Adventure|Animation|Sci-Fi
97921,Silver Linings Playbook (2012),Comedy|Drama
6385,Whale Rider (2002),Drama
8977,Alexander (2004),Action|Adventure|Drama|War
7164,Peter Pan (2003),Action|Adventure|Children|Fantasy
70599,"Time Traveler's Wife, The (2009)",Drama|Romance|Sci-Fi
5266,Panic Room (2002),Thriller
5959,Narc (2002),Crime|Drama|Thriller
3897,Almost Famous (2000),Drama
3831,Saving Grace (2000),Comedy
87234,Submarine (2010),Comedy|Drama|Romance
112138,22 Jump Street (2014),Action|Comedy|Crime
52973,Knocked Up (2007),Comedy|Drama|Romance
5955,Antwone Fisher (2002),Drama
74851,From Paris with Love (2010),Action|Crime
5903,Equilibrium (2002),Action|Sci-Fi|Thriller
97752,Cloud Atlas (2012),Drama|Sci-Fi|IMAX
5152,We Were Soldiers (2002),Action|Drama|War
91630,Mission: Impossible - Ghost Protocol (2011),Action|Adventure|Thriller|IMAX
102123,This Is the End (2013),Action|Comedy
104841,Gravity (2013),Action|Sci-Fi|IMAX
87232,X-Men: First Class (2011),Action|Adventure|Sci-Fi|Thriller|War
3615,Dinosaur (2000),Adventure|Animation|Children
85774,Senna (2010),Documentary
157699,Snowden (2016),Drama|Thriller
38600,Factotum (2005),Drama
80126,"American, The (2010)",Drama|Thriller
81229,Red (2010),Action|Comedy
97860,Killing Them Softly (2012),Crime|Drama|Thriller
6753,Secondhand Lions (2003),Children|Comedy|Drama
6218,Bend It Like Beckham (2002),Comedy|Drama|Romance
46322,Jet Li's Fearless (Huo Yuan Jia) (2006),Action|Drama
65216,Defiance (2008),Drama|Thriller|War
122918,Guardians of the Galaxy 2 (2017),Action|Adventure|Sci-Fi
6281,Phone Booth (2002),Drama|Thriller
7154,Mona Lisa Smile (2003),Drama|Romance
7265,"Dreamers, The (2003)",Drama
5009,Ali (2001),Drama
95167,Brave (2012),Action|Adventure|Animation|Children
157296,Finding Dory (2016),Adventure|Animation|Comedy
39444,"Weather Man, The (2005)",Comedy|Drama
31952,Control (Kontroll) (2003),Comedy|Crime|Drama|Mystery
3948,Meet the Parents (2000),Comedy
168612,Ghost in the Shell (2017),Action|Drama|Sci-Fi
35836,"40-Year-Old Virgin, The (2005)",Comedy|Romance
102445,Star Trek Into Darkness (2013),Action|Adventure|Sci-Fi|IMAX
59315,Iron Man (2008),Action|Adventure|Sci-Fi
122916,Thor: Ragnarok (2017),Action|Adventure|Sci-Fi
7153,"Lord of the Rings: The Return of the King, The (2003)",Action|Adventure|Drama|Fantasy
8373,"Stepford Wives, The (2004)",Comedy|Fantasy|Thriller
5633,Heaven (2002),Drama
95105,Madagascar 3: Europe's Most Wanted (2012),Adventure|Animation|Children|Comedy|IMAX
111362,X-Men: Days of Future Past (2014),Action|Adventure|Sci-Fi
91094,"Muppets, The (2011)",Children|Comedy|Musical
42718,District 13 (Banlieue 13) (2004),Action|Crime|Sci-Fi
5666,"Rules of Attraction, The (2002)",Comedy|Drama|Romance|Thriller
7451,Mean Girls (2004),Comedy
96079,Skyfall (2012),Action|Adventure|Thriller|IMAX
8870,"Forgotten, The (2004)",Drama|Mystery|Sci-Fi|Thriller
56607,"Kite Runner, The (2007)",Drama
4450,Bully (2001),Crime|Drama|Thriller
4023,"Family Man, The (2000)",Comedy|Drama|Romance
33794,Batman Begins (2005),Action|Crime|IMAX
4228,Heartbreakers (2001),Comedy|Crime|Romance
79357,Mr. Nobody (2009),Drama|Fantasy|Romance|Sci-Fi
5015,Monster's Ball (2001),Drama|Romance
33437,Unleashed (Danny the Dog) (2005),Action|Crime|Drama|Thriller
84152,Limitless (2011),Sci-Fi|Thriller
5956,Gangs of New York (2002),Crime|Drama
139417,Tale of Tales (2015),Fantasy
109157,"Long Way Down, A (2014)",Comedy|Drama
6959,Timeline (2003),Action|Adventure|Sci-Fi
61132,Tropic Thunder (2008),Action|Adventure|Comedy|War
5446,Rabbit-Proof Fence (2002),Adventure|Drama
27478,Ali G Indahouse (2002),Comedy
4821,Joy Ride (2001),Adventure|Thriller
92694,Perfect Sense (2011),Drama|Romance|Sci-Fi
7346,"Girl Next Door, The (2004)",Comedy|Romance
4823,Serendipity (2001),Comedy|Romance
40148,Revolver (2005),Crime|Drama|Thriller
88744,Rise of the Planet of the Apes (2011),Action|Drama|Sci-Fi|Thriller
73017,Sherlock Holmes (2009),Action|Crime|Mystery|Thriller
95761,Killer Joe (2011),Crime|Thriller
54272,"Simpsons Movie, The (2007)",Animation|Comedy
46970,Talladega Nights: The Ballad of Ricky Bobby (2006),Action|Comedy
5218,Ice Age (2002),Adventure|Animation|Children|Comedy
79091,Despicable Me (2010),Animation|Children|Comedy|Crime
8528,Dodgeball: A True Underdog Story (2004),Comedy
8949,Sideways (2004),Comedy|Drama|Romance
79185,Knight and Day (2010),Action|Comedy|Romance
5349,Spider-Man (2002),Action|Adventure|Sci-Fi|Thriller
7380,Ella Enchanted (2004),Comedy|Fantasy|Romance
64983,Valkyrie (2008),Drama|Thriller|War
57640,Hellboy II: The Golden Army (2008),Action|Adventure|Fantasy|Sci-Fi
33162,Kingdom of Heaven (2005),Action|Drama|Romance|War
6890,Elephant (2003),Drama
33154,Enron: The Smartest Guys in the Room (2005),Documentary
60647,Transsiberian (2008),Crime|Drama|Thriller
46850,Wordplay (2006),Documentary
6867,"Station Agent, The (2003)",Comedy|Drama
89470,Contagion (2011),Sci-Fi|Thriller|IMAX
52975,Hairspray (2007),Comedy|Drama|Musical
38886,"Squid and the Whale, The (2005)",Comedy|Drama
107141,Saving Mr. Banks (2013),Comedy|Drama
48696,Little Children (2006),Drama|Romance
3827,Space Cowboys (2000),Action|Adventure|Comedy|Sci-Fi
69122,"Hangover, The (2009)",Comedy|Crime
86892,The Man from Nowhere (2010),Action|Crime|Thriller
5881,Solaris (2002),Drama|Romance|Sci-Fi
149406,Kung Fu Panda 3 (2016),Action|Adventure|Animation
95543,Ice Age 4: Continental Drift (2012),Adventure|Animation|Comedy
36517,"Constant Gardener, The (2005)",Drama|Thriller
8974,"SpongeBob SquarePants Movie, The (2004)",Adventure|Animation|Children|Comedy
8464,Super Size Me (2004),Comedy|Documentary|Drama
89864,50/50 (2011),Comedy|Drama
8807,Harold and Kumar Go to White Castle (2004),Adventure|Comedy
8368,Harry Potter and the Prisoner of Azkaban (2004),Adventure|Fantasy|IMAX
45950,"Inconvenient Truth, An (2006)",Documentary
51091,Black Snake Moan (2006),Drama
4816,Zoolander (2001),Comedy
45730,Lady in the Water (2006),Drama|Fantasy|Mystery
33893,"Perfect Crime, The (Crimen Ferpecto) (Ferpect Crime) (2004)",Comedy|Crime|Thriller
73587,Soul Kitchen (2009),Comedy
5073,"Son's Room, The (Stanza del figlio, La) (2001)",Drama
88125,Harry Potter and the Deathly Hallows: Part 2 (2011),Action|Adventure|Drama|Fantasy|Mystery|IMAX
5942,"Hot Chick, The (2002)",Comedy
31685,Hitch (2005),Comedy|Romance
112623,Dawn of the Planet of the Apes (2014),Sci-Fi
3536,Keeping the Faith (2000),Comedy|Drama|Romance
89774,Warrior (2011),Drama
102033,Pain & Gain (2013),Action|Comedy|Crime
33166,Crash (2004),Crime|Drama
4246,Bridget Jones's Diary (2001),Comedy|Drama|Romance
34319,"Island, The (2005)",Action|Sci-Fi|Thriller
57528,Rambo (Rambo 4) (2008),Action|Drama|Thriller|War
57147,Cassandra's Dream (2007),Crime|Drama|Thriller
109569,3 Days to Kill (2014),Action|Crime|Drama
31420,Assault on Precinct 13 (2005),Action|Crime|Drama|Thriller
79796,Centurion (2010),Action|Adventure|Drama|Thriller|War
59016,Street Kings (2008),Crime|Drama|Thriller
130578,"Gunman, The (2015)",Action|Thriller
124859,The Gambler (2014),Crime|Drama|Thriller
34520,"Dukes of Hazzard, The (2005)",Action|Adventure|Comedy
27674,11:14 (2003),Comedy|Crime|Drama|Mystery|Thriller
44840,"Benchwarmers, The (2006)",Comedy
43936,16 Blocks (2006),Crime|Thriller
94405,Safe (2012),Action|Crime|Thriller
55272,We Own the Night (2007),Crime|Drama
8363,Soul Plane (2004),Comedy
4901,Spy Game (2001),Action|Crime|Drama|Thriller
101864,Oblivion (2013),Action|Adventure|Sci-Fi|IMAX
7143,"Last Samurai, The (2003)",Action|Adventure|Drama|War
103539,The Spectacular Now (2013),Comedy|Drama|Romance
105835,"Double, The (2013)",Comedy|Drama|Thriller
65126,Choke (2008),Comedy|Drama
93563,Lockout (2012),Action|Sci-Fi|Thriller
4896,Harry Potter and the Sorcerer's Stone (a.k.a. Harry Potter and the Philosopher's Stone) (2001),Adventure|Children|Fantasy
5630,Red Dragon (2002),Crime|Mystery|Thriller
48982,Flushed Away (2006),Animation|Comedy
